x,y,type,value
199,99,dark,0.000000
200,99,dark,0.000000
201,99,dark,0.000000
199,100,dark,0.000000
201,100,dark,0.000000
199,101,dark,0.000000
200,101,dark,0.000000
201,101,dark,0.000000
249,149,dark,0.000000
250,149,dark,0.000000
251,149,dark,0.000000
249,150,dark,0.000000
251,150,dark,0.000000
249,151,dark,0.000000
250,151,dark,0.000000
251,151,dark,0.000000
